{
  "hand_detection_rate": 92.51166666666666,
  "movement_smoothness": 59.245000000000005,
  "pinch_accuracy": 73.40425531914893,
  "overall_performance": 75.05364066193853
}