{
  "hand_detection_rate": 90.87291666666667,
  "movement_smoothness": 53.141979166666665,
  "pinch_accuracy": 68.57749469214437,
  "overall_performance": 70.86413017515923
}